[
	{
		"defaultLimit" : 15,
		"name" : "pipliz.woodcutter2.plankstemperate",
		"requires" : [
			{"type":"logtemperate"}
		],
		"results" : [
			{"amount":4,"type":"planks"}
		]
	},
	{
		"defaultLimit" : 15,
		"name" : "pipliz.woodcutter2.plankstaiga",
		"requires" : [
			{"type":"logtaiga"}
		],
		"results" : [
			{"amount":4,"type":"planks"}
		]
	},
	{
		"defaultLimit" : 20,
		"name" : "pipliz.woodcutter2.firewood",
		"requires" : [
			{"type":"planks"}
		],
		"results" : [
			{"amount":6,"type":"firewood"}
		]
	},
	{
		"defaultLimit" : 3,
		"isOptional" : true,
		"name" : "pipliz.woodcutter2.quarterblockbrowndark",
		"requires" : [
			{"amount":1,"type":"planks"}
		],
		"results" : [
			{"amount":4,"type":"quarterblockbrowndark"}
		]
	},
	{
		"defaultLimit" : 3,
		"isOptional" : true,
		"name" : "pipliz.woodcutter2.quarterblockbrownlight",
		"requires" : [
			{"amount":1,"type":"planks"}
		],
		"results" : [
			{"amount":4,"type":"quarterblockbrownlight"}
		]
	}
]