[
	{
		"defaultLimit" : 100,
		"name" : "pipliz.gunsmith2.leadbullet",
		"requires" : [
			{"type":"lead"}
		],
		"results" : [
			{"amount":3,"type":"leadbullet"}
		]
	},
	{
		"defaultLimit" : 25,
		"isOptional" : true,
		"name" : "pipliz.gunsmith2.gunpowder",
		"requires" : [
			{"type":"salpeter"},
			{"type":"charcoal"}
		],
		"results" : [
			{"type":"gunpowder"}
		]
	},
	{
		"defaultLimit" : 20,
		"isOptional" : true,
		"name" : "pipliz.gunsmith2.gunpowderpouch",
		"requires" : [
			{"type":"gunpowder"},
			{"amount":3,"type":"linenpouch"}
		],
		"results" : [
			{"amount":3,"type":"gunpowderpouch"}
		]
	},
	{
		"defaultLimit" : 10,
		"isOptional" : true,
		"name" : "pipliz.gunsmith2.matchlockgun",
		"requires" : [
			{"amount":3,"type":"steelparts"},
			{"type":"coatedplanks"},
			{"type":"copperparts"}
		],
		"results" : [
			{"type":"matchlockgun"}
		]
	}
]