[{
	"name": "NACH0.MoreJobs",
	"version": "1.0.0",
	"dllpath": "MoreJobs.dll",
	"namepretty": "More Jobs",
	"enabled": true,
	"marksgamemodded": true,
	"compatibleversions": [
		"0.6.3"
	],
	"patchnotes": [
		{
			"version": "1.0.0",
			"notes": [
				"You can now researhc and craft the rest of the workbenchs, added research so you can craft items that are locked behind research",
				"*If you find any issues or have suggestions join the discord",
				"*discord.gg/tqFhxhm"
			]
		},
		{
			"version": "0.1.0",
			"notes": [
				"Initial Release",
				"*If you find any issues or have suggestions join the discord",
				"*discord.gg/tqFhxhm"
			]
		}
	]
}]