[
	{
		"defaultLimit" : 5,
		"name" : "pipliz.tailor2.linen",
		"requires" : [
			{"amount":2,"type":"flax"}
		],
		"results" : [
			{"amount":2,"type":"linen"}
		]
	},
	{
		"defaultLimit" : 0,
		"name" : "pipliz.tailor2.linenpouch",
		"requires" : [
			{"type":"linen"}
		],
		"results" : [
			{"type":"linenpouch"}
		]
	},
	{
		"defaultLimit" : 3,
		"name" : "pipliz.tailor2.clothing",
		"requires" : [
			{"amount":3,"type":"linen"}
		],
		"results" : [
			{"type":"clothing"}
		]
	},
	{
		"defaultLimit" : 5,
		"name" : "pipliz.tailor2.linenbag",
		"requires" : [
			{"amount":3,"type":"linen"}
		],
		"results" : [
			{"type":"linenbag"}
		]
	},
	{
		"defaultLimit" : 0,
		"name" : "pipliz.tailor2.carpetwhite",
		"requires" : [
			{"type":"planks"},
			{"type":"linen"}
		],
		"results" : [
			{"type":"carpetwhite"}
		]
	}
]