[
	{
		"defaultLimit" : 3,
		"isOptional" : true,
		"name" : "pipliz.dyer2.quarterblockblack",
		"requires" : [
			{"amount":4,"type":"quarterblockgrey"},
			{"type":"charcoal"}
		],
		"results" : [
			{"amount":4,"type":"quarterblockblack"}
		]
	},
	{
		"defaultLimit" : 3,
		"isOptional" : true,
		"name" : "pipliz.dyer2.quarterblockwhite",
		"requires" : [
			{"amount":4,"type":"quarterblockgrey"},
			{"type":"gypsum"}
		],
		"results" : [
			{"amount":4,"type":"quarterblockwhite"}
		]
	},
	{
		"defaultLimit" : 0,
		"name" : "pipliz.dyer2.planksred",
		"requires" : [
			{"amount":5,"type":"planks"},
			{"amount":3,"type":"hollyhock"}
		],
		"results" : [
			{"amount":5,"type":"planksred"}
		]
	},
	{
		"defaultLimit" : 0,
		"name" : "pipliz.dyer2.planksgreen",
		"requires" : [
			{"amount":5,"type":"planks"},
			{"amount":2,"type":"alkanet"},
			{"amount":2,"type":"wolfsbane"}
		],
		"results" : [
			{"amount":5,"type":"planksgreen"}
		]
	},
	{
		"defaultLimit" : 0,
		"name" : "pipliz.dyer2.plankscyan",
		"requires" : [
			{"amount":5,"type":"planks"},
			{"amount":2,"type":"alkanet"},
			{"amount":1,"type":"wolfsbane"}
		],
		"results" : [
			{"amount":5,"type":"plankscyan"}
		]
	},
	{
		"defaultLimit" : 0,
		"name" : "pipliz.dyer2.planksblue",
		"requires" : [
			{"amount":5,"type":"planks"},
			{"amount":3,"type":"alkanet"}
		],
		"results" : [
			{"amount":5,"type":"planksblue"}
		]
	},
	{
		"defaultLimit" : 0,
		"name" : "pipliz.dyer2.planksyellow",
		"requires" : [
			{"amount":5,"type":"planks"},
			{"amount":3,"type":"wolfsbane"}
		],
		"results" : [
			{"amount":5,"type":"planksyellow"}
		]
	},
	{
		"defaultLimit" : 0,
		"name" : "pipliz.dyer2.plankspink",
		"requires" : [
			{"amount":5,"type":"planks"},
			{"amount":2,"type":"alkanet"},
			{"amount":2,"type":"hollyhock"}
		],
		"results" : [
			{"amount":5,"type":"plankspink"}
		]
	},
	{
		"defaultLimit" : 0,
		"name" : "pipliz.dyer2.planksgrey",
		"requires" : [
			{"amount":5,"type":"planks"},
			{"type":"charcoal"},
			{"amount":2,"type":"gypsum"}
		],
		"results" : [
			{"amount":5,"type":"planksgrey"}
		]
	},
	{
		"defaultLimit" : 0,
		"name" : "pipliz.dyer2.redplanks",
		"requires" : [
			{"amount":5,"type":"coatedplanks"},
			{"amount":3,"type":"hollyhock"}
		],
		"results" : [
			{"amount":5,"type":"redplanks"}
		]
	},
	{
		"defaultLimit" : 0,
		"name" : "pipliz.dyer2.blackplanks",
		"requires" : [
			{"amount":5,"type":"coatedplanks"},
			{"amount":2,"type":"charcoal"}
		],
		"results" : [
			{"amount":5,"type":"blackplanks"}
		]
	},
	{
		"defaultLimit" : 0,
		"name" : "pipliz.dyer2.carpetred",
		"requires" : [
			{"amount":5,"type":"carpetwhite"},
			{"amount":3,"type":"hollyhock"}
		],
		"results" : [
			{"amount":5,"type":"carpetred"}
		]
	},
	{
		"defaultLimit" : 0,
		"name" : "pipliz.dyer2.carpetblue",
		"requires" : [
			{"amount":5,"type":"carpetwhite"},
			{"amount":3,"type":"alkanet"}
		],
		"results" : [
			{"amount":5,"type":"carpetblue"}
		]
	},
	{
		"defaultLimit" : 0,
		"name" : "pipliz.dyer2.carpetyellow",
		"requires" : [
			{"amount":5,"type":"carpetwhite"},
			{"amount":3,"type":"wolfsbane"}
		],
		"results" : [
			{"amount":5,"type":"carpetyellow"}
		]
	},
	{
		"defaultLimit" : 0,
		"name" : "pipliz.dyer2.stonebrickswhite",
		"requires" : [
			{"amount":5,"type":"stonebricks"},
			{"amount":5,"type":"gypsum"}
		],
		"results" : [
			{"amount":5,"type":"stonebrickswhite"}
		]
	},
	{
		"defaultLimit" : 0,
		"name" : "pipliz.dyer2.stonebricksblack",
		"requires" : [
			{"amount":5,"type":"stonebricks"},
			{"type":"charcoal"}
		],
		"results" : [
			{"amount":5,"type":"stonebricksblack"}
		]
	},
	{
		"defaultLimit" : 0,
		"isOptional" : true,
		"name" : "pipliz.dyer2.lanternwhite",
		"requires" : [
			{"amount":1,"type":"lanternyellow"},
			{"amount":3,"type":"gypsum"}
		],
		"results" : [
			{"amount":1,"type":"lanternwhite"}
		]
	},
	{
		"defaultLimit" : 0,
		"isOptional" : true,
		"name" : "pipliz.dyer2.lanterngreen",
		"requires" : [
			{"amount":1,"type":"lanternyellow"},
			{"amount":1,"type":"alkanet"},
			{"amount":1,"type":"wolfsbane"}
		],
		"results" : [
			{"amount":1,"type":"lanterngreen"}
		]
	},
	{
		"defaultLimit" : 0,
		"isOptional" : true,
		"name" : "pipliz.dyer2.lanternblue",
		"requires" : [
			{"amount":1,"type":"lanternyellow"},
			{"amount":2,"type":"alkanet"}
		],
		"results" : [
			{"amount":1,"type":"lanternblue"}
		]
	},
	{
		"defaultLimit" : 0,
		"isOptional" : true,
		"name" : "pipliz.dyer2.lanternred",
		"requires" : [
			{"amount":1,"type":"lanternyellow"},
			{"amount":2,"type":"hollyhock"}
		],
		"results" : [
			{"amount":1,"type":"lanternred"}
		]
	},
	{
		"defaultLimit" : 0,
		"isOptional" : true,
		"name" : "pipliz.dyer2.lanternorange",
		"requires" : [
			{"amount":1,"type":"lanternyellow"},
			{"amount":1,"type":"hollyhock"},
			{"amount":1,"type":"wolfsbane"}
		],
		"results" : [
			{"amount":1,"type":"lanternorange"}
		]
	},
	{
		"defaultLimit" : 0,
		"isOptional" : true,
		"name" : "pipliz.dyer2.lanterncyan",
		"requires" : [
			{"amount":1,"type":"lanternyellow"},
			{"amount":2,"type":"alkanet"},
			{"amount":1,"type":"wolfsbane"}
		],
		"results" : [
			{"amount":1,"type":"lanterncyan"}
		]
	},
	{
		"defaultLimit" : 0,
		"isOptional" : true,
		"name" : "pipliz.dyer2.lanternpink",
		"requires" : [
			{"amount":1,"type":"lanternyellow"},
			{"amount":1,"type":"alkanet"},
			{"amount":1,"type":"hollyhock"}
		],
		"results" : [
			{"amount":1,"type":"lanternpink"}
		]
	},
	{
		"defaultLimit" : 0,
		"name" : "pipliz.dyer2.cobblestonered",
		"requires" : [
			{"amount":5,"type":"cobblestonegrey"},
			{"amount":2,"type":"hollyhock"}
		],
		"results" : [
			{"amount":5,"type":"cobblestonered"}
		]
	}
]