[
	{
		"defaultLimit" : 5,
		"isOptional" : true,
		"name" : "pipliz.technologist2.sciencebagbasic",
		"requires" : [
			{"type":"coppertools"},
			{"type":"bronzeplate"},
			{"amount":3,"type":"bricks"},
			{"type":"linenbag"}
		],
		"results" : [
			{"type":"sciencebagbasic"}
		]
	},
	{
		"defaultLimit" : 5,
		"isOptional" : true,
		"name" : "pipliz.technologist2.sciencebagmilitary",
		"requires" : [
			{"type":"ironsword"},
			{"amount":3,"type":"bronzearrow"},
			{"type":"bow"},
			{"type":"linenbag"}
		],
		"results" : [
			{"type":"sciencebagmilitary"}
		]
	},
	{
		"defaultLimit" : 5,
		"isOptional" : true,
		"name" : "pipliz.technologist2.sciencebaglife",
		"requires" : [
			{"type":"flour"},
			{"amount":5,"type":"berry"},
			{"type":"clothing"},
			{"type":"linenbag"}
		],
		"results" : [
			{"type":"sciencebaglife"}
		]
	},
	{
		"defaultLimit" : 5,
		"isOptional" : true,
		"name" : "pipliz.technologist2.sciencebagadvanced",
		"requires" : [
			{"type":"steelparts"},
			{"type":"gunpowderpouch"},
			{"type":"silveringot"},
			{"type":"linenbag"}
		],
		"results" : [
			{"type":"sciencebagadvanced"}
		]
	},
	{
		"defaultLimit" : 5,
		"isOptional" : true,
		"name" : "pipliz.technologist2.sciencebagcolony",
		"requires" : [
			{"type":"bronzeanvil"},
			{"type":"fineryforge"},
			{"type":"matchlockgun"},
			{"type":"linenbag"}
		],
		"results" : [
			{"type":"sciencebagcolony"}
		]
	}
]