[
	{
		"defaultLimit" : 50,
		"name" : "pipliz.bloomery2.ironingot",
		"requires" : [
			{"type":"ironore"},
			{"type":"charcoal"}
		],
		"results" : [
			{"type":"ironingot"}
		]
	},
	{
		"defaultLimit" : 50,
		"name" : "pipliz.bloomery2.galenalead",
		"requires" : [
			{"type":"galenalead"},
			{"type":"charcoal"}
		],
		"results" : [
			{"type":"lead"}
		]
	},
	{
		"defaultLimit" : 50,
		"defaultPriority" : -100,
		"name" : "pipliz.bloomery2.galenasilver",
		"requires" : [
			{"type":"galenasilver"},
			{"type":"charcoal"}
		],
		"results" : [
			{"type":"silveringot"},
			{"type":"crystal"}
		]
	}
]