[
	{
		"defaultLimit" : 1,
		"name" : "pipliz.merchant2.flaxseeds",
		"requires" : [
			{"amount":30,"type":"bronzecoin"}
		],
		"results" : [
			{"amount":100,"type":"flaxstage1"}
		]
	},
	{
		"defaultLimit" : 2,
		"name" : "pipliz.merchant2.berrybushes",
		"requires" : [
			{"amount":30,"type":"bronzecoin"}
		],
		"results" : [
			{"amount":10,"type":"berrybush"}
		]
	},
	{
		"defaultLimit" : 3,
		"name" : "pipliz.merchant2.wheatseeds",
		"requires" : [
			{"amount":2,"type":"bronzecoin"}
		],
		"results" : [
			{"amount":10,"type":"wheatstage1"}
		]
	},
	{
		"defaultLimit" : 1,
		"isOptional" : true,
		"name" : "pipliz.merchant2.alkanetseeds",
		"requires" : [
			{"amount":30,"type":"bronzecoin"}
		],
		"results" : [
			{"amount":100,"type":"alkanetstage1"}
		]
	},
	{
		"defaultLimit" : 1,
		"isOptional" : true,
		"name" : "pipliz.merchant2.hollyhockseeds",
		"requires" : [
			{"amount":30,"type":"bronzecoin"}
		],
		"results" : [
			{"amount":100,"type":"hollyhockstage1"}
		]
	},
	{
		"defaultLimit" : 1,
		"isOptional" : true,
		"name" : "pipliz.merchant2.wolfsbaneseeds",
		"requires" : [
			{"amount":30,"type":"bronzecoin"}
		],
		"results" : [
			{"amount":100,"type":"wolfsbanestage1"}
		]
	},
	{
		"defaultLimit" : 0,
		"name" : "pipliz.merchant2.cherrysaplings",
		"requires" : [
			{"amount":10,"type":"bronzecoin"}
		],
		"results" : [
			{"amount":1,"type":"cherrysapling"}
		]
	},
	{
		"defaultLimit" : 0,
		"name" : "pipliz.merchant2.dirt",
		"requires" : [
			{"amount":6,"type":"bronzecoin"}
		],
		"results" : [
			{"amount":10,"type":"dirt"}
		]
	},
	{
		"defaultLimit" : 0,
		"name" : "pipliz.merchant2.grasstemperate",
		"requires" : [
			{"amount":6,"type":"bronzecoin"}
		],
		"results" : [
			{"amount":10,"type":"grasstemperate"}
		]
	},
	{
		"defaultLimit" : 0,
		"name" : "pipliz.merchant2.sand",
		"requires" : [
			{"amount":10,"type":"bronzecoin"}
		],
		"results" : [
			{"amount":10,"type":"sand"}
		]
	}
]